url,link
https://www.linkedin.com/company/truecaller,https://www.linkedin.com/signup?session_redirect=https%3A%2F%2Fwww%2Elinkedin%2Ecom%2Fcompany%2Ftruecaller&trk=organization_guest_nav-header-join
https://www.linkedin.com/company/truecaller,https://www.linkedin.com/login?session_redirect=https%3A%2F%2Fwww%2Elinkedin%2Ecom%2Fcompany%2Ftruecaller&fromSignIn=true&trk=organization_guest_nav-header-signin
https://www.linkedin.com/company/truecaller,https://www.linkedin.com/login?session_redirect=https%3A%2F%2Fwww%2Elinkedin%2Ecom%2Fcompany%2Ftruecaller&fromSignIn=true&trk=top-card_top-card-secondary-button-top-card-secondary-cta
https://www.linkedin.com/company/truecaller,https://www.linkedin.com/signup?session_redirect=https%3A%2F%2Fwww%2Elinkedin%2Ecom%2Fsearch%2Fresults%2Fpeople%2F%3FfacetCurrentCompany%3D%255B567872%255D&trk=org-employees_cta_face-pile-cta
https://www.linkedin.com/company/truecaller,https://se.linkedin.com/company/truecaller?trk=nav_type_overview
https://www.linkedin.com/company/truecaller,https://se.linkedin.com/company/truecaller/jobs?trk=nav_type_jobs
https://www.linkedin.com/company/truecaller,https://se.linkedin.com/company/truecaller/life?trk=nav_type_life
https://www.linkedin.com/company/truecaller,https://www.linkedin.com/redir/redirect?url=http%3A%2F%2Fwww%2Etruecaller%2Ecom&urlhash=4U4G&trk=about_website
https://www.linkedin.com/company/truecaller,https://www.bing.com/maps?where=M%C3%A4ster+Samuelsgatan+56+Norrmalm+111+21+Stockholm+County+SE&trk=org-locations_url
https://www.linkedin.com/company/truecaller,https://www.bing.com/maps?where=Two+Horizon+Center%2C+DLF+Phase+5%2C+Sector+43+Table+Space%2C+10th+floor+Gurugram+122002+New+Delhi+IN&trk=org-locations_url
https://www.linkedin.com/company/truecaller,https://www.bing.com/maps?where=Embassy+Golf+Links+Business+Park%2C+Challaghatta+Sunriver%2C+5th+Floor+Bengaluru+560071+Karnataka+IN&trk=org-locations_url
https://www.linkedin.com/company/truecaller,https://www.bing.com/maps?where=B105%2C+WeWork%2C+C+-+20%2C+G+Block%2C+Bandra+Kurla+Complex%2C+7th+Floor+Mumbai+400051+Maharashtra+IN&trk=org-locations_url
https://www.linkedin.com/company/truecaller,https://www.bing.com/maps?where=Tel+Aviv-Yafo+IL&trk=org-locations_url
https://www.linkedin.com/company/truecaller,https://se.linkedin.com/in/odd-bolin-649106?trk=org-employees
https://www.linkedin.com/company/truecaller,https://se.linkedin.com/in/karl-ask-7b4a65?trk=org-employees
https://www.linkedin.com/company/truecaller,https://se.linkedin.com/in/kunaldua?trk=org-employees
https://www.linkedin.com/company/truecaller,https://se.linkedin.com/in/fredrikkjell?trk=org-employees
https://www.linkedin.com/company/truecaller,https://www.linkedin.com/signup?session_redirect=https%3A%2F%2Fwww%2Elinkedin%2Ecom%2Fsearch%2Fresults%2Fpeople%2F%3FfacetCurrentCompany%3D%255B567872%255D&trk=public_biz_employees-join
https://www.linkedin.com/company/truecaller,https://www.linkedin.com/posts/truecaller_activity-7272175850748276736-dXbS
https://www.linkedin.com/company/truecaller,https://se.linkedin.com/company/truecaller?trk=organization_guest_main-feed-card_feed-reaction-header
https://www.linkedin.com/company/truecaller,https://in.linkedin.com/company/adtech-today?trk=organization_guest_main-feed-card_feed-actor-image
https://www.linkedin.com/company/truecaller,https://in.linkedin.com/company/adtech-today?trk=organization_guest_main-feed-card_feed-actor-name
https://www.linkedin.com/company/truecaller,https://www.linkedin.com/signup?session_redirect=https%3A%2F%2Fwww.linkedin.com%2Ffeed%2Fhashtag%2Fscholarspotlight&trk=organization_guest_main-feed-card-text
https://www.linkedin.com/company/truecaller,https://se.linkedin.com/company/truecaller?trk=organization_guest_main-feed-card-text
https://www.linkedin.com/company/truecaller,https://in.linkedin.com/in/gaurav-loomba?trk=organization_guest_main-feed-card-text
https://www.linkedin.com/company/truecaller,https://lnkd.in/dDFQAzX4?trk=organization_guest_main-feed-card-text
https://www.linkedin.com/company/truecaller,https://se.linkedin.com/in/kari-krishnamurthy-0b458335?trk=organization_guest_main-feed-card-text
https://www.linkedin.com/company/truecaller,https://www.linkedin.com/signup?session_redirect=https%3A%2F%2Fwww.linkedin.com%2Ffeed%2Fhashtag%2Fappointment&trk=organization_guest_main-feed-card-text
https://www.linkedin.com/company/truecaller,https://www.linkedin.com/signup?session_redirect=https%3A%2F%2Fwww.linkedin.com%2Ffeed%2Fhashtag%2Fpublicaffairs&trk=organization_guest_main-feed-card-text
https://www.linkedin.com/company/truecaller,https://www.linkedin.com/signup?session_redirect=https%3A%2F%2Fwww.linkedin.com%2Ffeed%2Fhashtag%2Ftelecommunications&trk=organization_guest_main-feed-card-text
https://www.linkedin.com/company/truecaller,https://www.linkedin.com/signup?session_redirect=https%3A%2F%2Fwww.linkedin.com%2Ffeed%2Fhashtag%2Fadtechtoday&trk=organization_guest_main-feed-card-text
https://www.linkedin.com/company/truecaller,https://www.linkedin.com/signup?session_redirect=https%3A%2F%2Fwww%2Elinkedin%2Ecom%2Fcompany%2Ftruecaller&trk=organization_guest_main-feed-card_social-actions-reactions
https://www.linkedin.com/company/truecaller,https://www.linkedin.com/signup?session_redirect=https%3A%2F%2Fwww%2Elinkedin%2Ecom%2Fcompany%2Ftruecaller&trk=organization_guest_main-feed-card_social-actions-comments
https://www.linkedin.com/company/truecaller,https://www.linkedin.com/signup?session_redirect=https%3A%2F%2Fwww%2Elinkedin%2Ecom%2Fcompany%2Ftruecaller&trk=organization_guest_main-feed-card_like-cta
https://www.linkedin.com/company/truecaller,https://www.linkedin.com/signup?session_redirect=https%3A%2F%2Fwww%2Elinkedin%2Ecom%2Fcompany%2Ftruecaller&trk=organization_guest_main-feed-card_comment-cta
https://www.linkedin.com/company/truecaller,https://www.linkedin.com/signup?session_redirect=https%3A%2F%2Fwww%2Elinkedin%2Ecom%2Fcompany%2Ftruecaller&trk=organization_guest_main-feed-card_share-cta
https://www.linkedin.com/company/truecaller,https://www.linkedin.com/posts/truecaller_truecaller-for-business-activity-7272141064109498368-Lrxh
https://www.linkedin.com/company/truecaller,https://se.linkedin.com/company/truecaller?trk=organization_guest_main-feed-card_feed-reaction-header
https://www.linkedin.com/company/truecaller,https://se.linkedin.com/showcase/truecaller-for-business/?trk=organization_guest_main-feed-card_feed-actor-image
https://www.linkedin.com/company/truecaller,https://se.linkedin.com/showcase/truecaller-for-business/?trk=organization_guest_main-feed-card_feed-actor-name
https://www.linkedin.com/company/truecaller,https://se.linkedin.com/company/truecaller?trk=organization_guest_main-feed-card-text
https://www.linkedin.com/company/truecaller,https://www.linkedin.com/signup?session_redirect=https%3A%2F%2Fwww.linkedin.com%2Ffeed%2Fhashtag%2Ftruecaller&trk=organization_guest_main-feed-card-text
https://www.linkedin.com/company/truecaller,https://www.linkedin.com/signup?session_redirect=https%3A%2F%2Fwww.linkedin.com%2Ffeed%2Fhashtag%2Fverifiedidentity&trk=organization_guest_main-feed-card-text
https://www.linkedin.com/company/truecaller,https://www.linkedin.com/signup?session_redirect=https%3A%2F%2Fwww.linkedin.com%2Ffeed%2Fhashtag%2Fverifiedbusiness&trk=organization_guest_main-feed-card-text
https://www.linkedin.com/company/truecaller,https://www.linkedin.com/signup?session_redirect=https%3A%2F%2Fwww.linkedin.com%2Ffeed%2Fhashtag%2Fcustomerexperience&trk=organization_guest_main-feed-card-text
https://www.linkedin.com/company/truecaller,https://www.linkedin.com/signup?session_redirect=https%3A%2F%2Fwww.linkedin.com%2Ffeed%2Fhashtag%2Fcxsolutions&trk=organization_guest_main-feed-card-text
https://www.linkedin.com/company/truecaller,https://www.linkedin.com/signup?session_redirect=https%3A%2F%2Fwww.linkedin.com%2Ffeed%2Fhashtag%2Fbusinessinnovation&trk=organization_guest_main-feed-card-text
https://www.linkedin.com/company/truecaller,https://www.linkedin.com/signup?session_redirect=https%3A%2F%2Fwww%2Elinkedin%2Ecom%2Fcompany%2Ftruecaller&trk=organization_guest_main-feed-card_social-actions-reactions
https://www.linkedin.com/company/truecaller,https://www.linkedin.com/signup?session_redirect=https%3A%2F%2Fwww%2Elinkedin%2Ecom%2Fcompany%2Ftruecaller&trk=organization_guest_main-feed-card_like-cta
https://www.linkedin.com/company/truecaller,https://www.linkedin.com/signup?session_redirect=https%3A%2F%2Fwww%2Elinkedin%2Ecom%2Fcompany%2Ftruecaller&trk=organization_guest_main-feed-card_comment-cta
https://www.linkedin.com/company/truecaller,https://www.linkedin.com/signup?session_redirect=https%3A%2F%2Fwww%2Elinkedin%2Ecom%2Fcompany%2Ftruecaller&trk=organization_guest_main-feed-card_share-cta
https://www.linkedin.com/company/truecaller,https://www.linkedin.com/posts/truecaller_ai-voicecloning-truecaller-activity-7271856120099446784-_L9-
https://www.linkedin.com/company/truecaller,https://se.linkedin.com/company/truecaller?trk=organization_guest_main-feed-card_feed-actor-image
https://www.linkedin.com/company/truecaller,https://se.linkedin.com/company/truecaller?trk=organization_guest_main-feed-card_feed-actor-name
https://www.linkedin.com/company/truecaller,https://se.linkedin.com/in/fredrikkjell?trk=organization_guest_main-feed-card-text
https://www.linkedin.com/company/truecaller,https://se.linkedin.com/company/telekom-idag?trk=organization_guest_main-feed-card-text
https://www.linkedin.com/company/truecaller,https://www.linkedin.com/signup?session_redirect=https%3A%2F%2Fwww.linkedin.com%2Ffeed%2Fhashtag%2Fai&trk=organization_guest_main-feed-card-text
https://www.linkedin.com/company/truecaller,https://www.linkedin.com/signup?session_redirect=https%3A%2F%2Fwww.linkedin.com%2Ffeed%2Fhashtag%2Fvoicecloning&trk=organization_guest_main-feed-card-text
https://www.linkedin.com/company/truecaller,https://www.linkedin.com/signup?session_redirect=https%3A%2F%2Fwww.linkedin.com%2Ffeed%2Fhashtag%2Ftruecaller&trk=organization_guest_main-feed-card-text
https://www.linkedin.com/company/truecaller,https://www.linkedin.com/signup?session_redirect=https%3A%2F%2Fwww%2Elinkedin%2Ecom%2Fcompany%2Ftruecaller&trk=organization_guest_main-feed-card_social-actions-reactions
https://www.linkedin.com/company/truecaller,https://www.linkedin.com/signup?session_redirect=https%3A%2F%2Fwww%2Elinkedin%2Ecom%2Fcompany%2Ftruecaller&trk=organization_guest_main-feed-card_social-actions-comments
https://www.linkedin.com/company/truecaller,https://www.linkedin.com/signup?session_redirect=https%3A%2F%2Fwww%2Elinkedin%2Ecom%2Fcompany%2Ftruecaller&trk=organization_guest_main-feed-card_like-cta
https://www.linkedin.com/company/truecaller,https://www.linkedin.com/signup?session_redirect=https%3A%2F%2Fwww%2Elinkedin%2Ecom%2Fcompany%2Ftruecaller&trk=organization_guest_main-feed-card_comment-cta
https://www.linkedin.com/company/truecaller,https://www.linkedin.com/signup?session_redirect=https%3A%2F%2Fwww%2Elinkedin%2Ecom%2Fcompany%2Ftruecaller&trk=organization_guest_main-feed-card_share-cta
https://www.linkedin.com/company/truecaller,https://www.linkedin.com/posts/truecaller_indiafightsfraud-digitalsafety-yourkavachfordigitalsafety-activity-7270770568046530560-3F-h
https://www.linkedin.com/company/truecaller,https://se.linkedin.com/company/truecaller?trk=organization_guest_main-feed-card_feed-actor-image
https://www.linkedin.com/company/truecaller,https://se.linkedin.com/company/truecaller?trk=organization_guest_main-feed-card_feed-actor-name
https://www.linkedin.com/company/truecaller,https://in.linkedin.com/company/thequint?trk=organization_guest_main-feed-card-text
https://www.linkedin.com/company/truecaller,https://in.linkedin.com/company/cyberdosti4c?trk=organization_guest_main-feed-card-text
https://www.linkedin.com/company/truecaller,https://www.linkedin.com/signup?session_redirect=https%3A%2F%2Fwww.linkedin.com%2Ffeed%2Fhashtag%2Findiafightsfraud&trk=organization_guest_main-feed-card-text
https://www.linkedin.com/company/truecaller,https://www.linkedin.com/signup?session_redirect=https%3A%2F%2Fwww.linkedin.com%2Ffeed%2Fhashtag%2Fdigitalsafety&trk=organization_guest_main-feed-card-text
https://www.linkedin.com/company/truecaller,https://www.linkedin.com/signup?session_redirect=https%3A%2F%2Fwww.linkedin.com%2Ffeed%2Fhashtag%2Fyourkavachfordigitalsafety&trk=organization_guest_main-feed-card-text
https://www.linkedin.com/company/truecaller,https://www.linkedin.com/signup?session_redirect=https%3A%2F%2Fwww%2Elinkedin%2Ecom%2Fcompany%2Ftruecaller&trk=organization_guest_main-feed-card_social-actions-reactions
https://www.linkedin.com/company/truecaller,https://www.linkedin.com/signup?session_redirect=https%3A%2F%2Fwww%2Elinkedin%2Ecom%2Fcompany%2Ftruecaller&trk=organization_guest_main-feed-card_social-actions-comments
https://www.linkedin.com/company/truecaller,https://www.linkedin.com/signup?session_redirect=https%3A%2F%2Fwww%2Elinkedin%2Ecom%2Fcompany%2Ftruecaller&trk=organization_guest_main-feed-card_like-cta
https://www.linkedin.com/company/truecaller,https://www.linkedin.com/signup?session_redirect=https%3A%2F%2Fwww%2Elinkedin%2Ecom%2Fcompany%2Ftruecaller&trk=organization_guest_main-feed-card_comment-cta
https://www.linkedin.com/company/truecaller,https://www.linkedin.com/signup?session_redirect=https%3A%2F%2Fwww%2Elinkedin%2Ecom%2Fcompany%2Ftruecaller&trk=organization_guest_main-feed-card_share-cta
https://www.linkedin.com/company/truecaller,https://www.linkedin.com/posts/truecaller_trueballer-trueballer-aikfotboll-activity-7270750734764179456-b0au
https://www.linkedin.com/company/truecaller,https://se.linkedin.com/company/truecaller?trk=organization_guest_main-feed-card_feed-actor-image
https://www.linkedin.com/company/truecaller,https://se.linkedin.com/company/truecaller?trk=organization_guest_main-feed-card_feed-actor-name
https://www.linkedin.com/company/truecaller,https://se.linkedin.com/company/aik-fotboll?trk=organization_guest_main-feed-card-text
https://www.linkedin.com/company/truecaller,https://www.linkedin.com/signup?session_redirect=https%3A%2F%2Fwww.linkedin.com%2Ffeed%2Fhashtag%2Ftrueballer&trk=organization_guest_main-feed-card-text
https://www.linkedin.com/company/truecaller,https://www.linkedin.com/signup?session_redirect=https%3A%2F%2Fwww.linkedin.com%2Ffeed%2Fhashtag%2Ftrueballer&trk=organization_guest_main-feed-card-text
https://www.linkedin.com/company/truecaller,https://www.linkedin.com/signup?session_redirect=https%3A%2F%2Fwww.linkedin.com%2Ffeed%2Fhashtag%2Faikfotboll&trk=organization_guest_main-feed-card-text
https://www.linkedin.com/company/truecaller,https://www.linkedin.com/signup?session_redirect=https%3A%2F%2Fwww%2Elinkedin%2Ecom%2Fcompany%2Ftruecaller&trk=organization_guest_main-feed-card_social-actions-reactions
https://www.linkedin.com/company/truecaller,https://www.linkedin.com/signup?session_redirect=https%3A%2F%2Fwww%2Elinkedin%2Ecom%2Fcompany%2Ftruecaller&trk=organization_guest_main-feed-card_like-cta
https://www.linkedin.com/company/truecaller,https://www.linkedin.com/signup?session_redirect=https%3A%2F%2Fwww%2Elinkedin%2Ecom%2Fcompany%2Ftruecaller&trk=organization_guest_main-feed-card_comment-cta
https://www.linkedin.com/company/truecaller,https://www.linkedin.com/signup?session_redirect=https%3A%2F%2Fwww%2Elinkedin%2Ecom%2Fcompany%2Ftruecaller&trk=organization_guest_main-feed-card_share-cta
https://www.linkedin.com/company/truecaller,https://www.linkedin.com/posts/truecaller_telltale-signs-that-a-call-or-message-is-activity-7269322843912347649-F21t
https://www.linkedin.com/company/truecaller,https://se.linkedin.com/company/truecaller?trk=organization_guest_main-feed-card_feed-actor-image
https://www.linkedin.com/company/truecaller,https://se.linkedin.com/company/truecaller?trk=organization_guest_main-feed-card_feed-actor-name
https://www.linkedin.com/company/truecaller,https://in.linkedin.com/company/thequint?trk=organization_guest_main-feed-card-text
https://www.linkedin.com/company/truecaller,https://tclr.se/4fQPG89?trk=organization_guest_main-feed-card-text
https://www.linkedin.com/company/truecaller,https://in.linkedin.com/company/cyberdosti4c?trk=organization_guest_main-feed-card-text
https://www.linkedin.com/company/truecaller,https://www.linkedin.com/signup?session_redirect=https%3A%2F%2Fwww.linkedin.com%2Ffeed%2Fhashtag%2Findiafightsfraud&trk=organization_guest_main-feed-card-text
https://www.linkedin.com/company/truecaller,https://www.linkedin.com/signup?session_redirect=https%3A%2F%2Fwww.linkedin.com%2Ffeed%2Fhashtag%2Fdigitalsafety&trk=organization_guest_main-feed-card-text
https://www.linkedin.com/company/truecaller,https://www.linkedin.com/signup?session_redirect=https%3A%2F%2Fwww.linkedin.com%2Ffeed%2Fhashtag%2Fyourkavachfordigitalsafety&trk=organization_guest_main-feed-card-text
https://www.linkedin.com/company/truecaller,https://www.linkedin.com/redir/redirect?url=https%3A%2F%2Fwww%2Ethequint%2Ecom%2Fbrandstudio%2Fpartner-signs-of-fraud-call-or-message-truecaller&urlhash=C_aj&trk=organization_guest_main-feed-card_feed-article-content
https://www.linkedin.com/company/truecaller,https://www.linkedin.com/signup?session_redirect=https%3A%2F%2Fwww%2Elinkedin%2Ecom%2Fcompany%2Ftruecaller&trk=organization_guest_main-feed-card_social-actions-reactions
https://www.linkedin.com/company/truecaller,https://www.linkedin.com/signup?session_redirect=https%3A%2F%2Fwww%2Elinkedin%2Ecom%2Fcompany%2Ftruecaller&trk=organization_guest_main-feed-card_like-cta
https://www.linkedin.com/company/truecaller,https://www.linkedin.com/signup?session_redirect=https%3A%2F%2Fwww%2Elinkedin%2Ecom%2Fcompany%2Ftruecaller&trk=organization_guest_main-feed-card_comment-cta
https://www.linkedin.com/company/truecaller,https://www.linkedin.com/signup?session_redirect=https%3A%2F%2Fwww%2Elinkedin%2Ecom%2Fcompany%2Ftruecaller&trk=organization_guest_main-feed-card_share-cta
https://www.linkedin.com/company/truecaller,https://www.linkedin.com/posts/truecaller_what-truecallers-co-founders-stepping-back-activity-7269292617660575744-v9H5
https://www.linkedin.com/company/truecaller,https://se.linkedin.com/company/truecaller?trk=organization_guest_main-feed-card_feed-actor-image
https://www.linkedin.com/company/truecaller,https://se.linkedin.com/company/truecaller?trk=organization_guest_main-feed-card_feed-actor-name
https://www.linkedin.com/company/truecaller,https://se.linkedin.com/in/alan-mamedi?trk=organization_guest_main-feed-card-text
https://www.linkedin.com/company/truecaller,https://se.linkedin.com/in/namizarringhalam?trk=organization_guest_main-feed-card-text
https://www.linkedin.com/company/truecaller,https://in.linkedin.com/in/rishit?trk=organization_guest_main-feed-card-text
https://www.linkedin.com/company/truecaller,https://lnkd.in/dZRbztyB?trk=organization_guest_main-feed-card-text
https://www.linkedin.com/company/truecaller,https://www.linkedin.com/redir/redirect?url=https%3A%2F%2Fwww%2Eforbesindia%2Ecom%2Farticle%2Ftake-one-big-story-of-the-day%2Fwhat-truecallers-cofounders-stepping-back-means-for-the-company%2F94702%2F1&urlhash=2Prk&trk=organization_guest_main-feed-card_feed-article-content
https://www.linkedin.com/company/truecaller,https://www.linkedin.com/signup?session_redirect=https%3A%2F%2Fwww%2Elinkedin%2Ecom%2Fcompany%2Ftruecaller&trk=organization_guest_main-feed-card_social-actions-reactions
https://www.linkedin.com/company/truecaller,https://www.linkedin.com/signup?session_redirect=https%3A%2F%2Fwww%2Elinkedin%2Ecom%2Fcompany%2Ftruecaller&trk=organization_guest_main-feed-card_social-actions-comments
https://www.linkedin.com/company/truecaller,https://www.linkedin.com/signup?session_redirect=https%3A%2F%2Fwww%2Elinkedin%2Ecom%2Fcompany%2Ftruecaller&trk=organization_guest_main-feed-card_like-cta
https://www.linkedin.com/company/truecaller,https://www.linkedin.com/signup?session_redirect=https%3A%2F%2Fwww%2Elinkedin%2Ecom%2Fcompany%2Ftruecaller&trk=organization_guest_main-feed-card_comment-cta
https://www.linkedin.com/company/truecaller,https://www.linkedin.com/signup?session_redirect=https%3A%2F%2Fwww%2Elinkedin%2Ecom%2Fcompany%2Ftruecaller&trk=organization_guest_main-feed-card_share-cta
https://www.linkedin.com/company/truecaller,https://www.linkedin.com/posts/truecaller_indiafightsfraud-digitalsafety-yourkavachfordigitalsafety-activity-7267519492719599616-B2e0
https://www.linkedin.com/company/truecaller,https://se.linkedin.com/company/truecaller?trk=organization_guest_main-feed-card_feed-actor-image
https://www.linkedin.com/company/truecaller,https://se.linkedin.com/company/truecaller?trk=organization_guest_main-feed-card_feed-actor-name
https://www.linkedin.com/company/truecaller,https://in.linkedin.com/company/thequint?trk=organization_guest_main-feed-card-text
https://www.linkedin.com/company/truecaller,https://www.linkedin.com/signup?session_redirect=https%3A%2F%2Fwww.linkedin.com%2Ffeed%2Fhashtag%2Findiafightsfraud&trk=organization_guest_main-feed-card-text
https://www.linkedin.com/company/truecaller,https://www.linkedin.com/signup?session_redirect=https%3A%2F%2Fwww.linkedin.com%2Ffeed%2Fhashtag%2Fdigitalsafety&trk=organization_guest_main-feed-card-text
https://www.linkedin.com/company/truecaller,https://www.linkedin.com/signup?session_redirect=https%3A%2F%2Fwww.linkedin.com%2Ffeed%2Fhashtag%2Fyourkavachfordigitalsafety&trk=organization_guest_main-feed-card-text
https://www.linkedin.com/company/truecaller,https://www.linkedin.com/signup?session_redirect=https%3A%2F%2Fwww%2Elinkedin%2Ecom%2Fcompany%2Ftruecaller&trk=organization_guest_main-feed-card_social-actions-reactions
https://www.linkedin.com/company/truecaller,https://www.linkedin.com/signup?session_redirect=https%3A%2F%2Fwww%2Elinkedin%2Ecom%2Fcompany%2Ftruecaller&trk=organization_guest_main-feed-card_social-actions-comments
https://www.linkedin.com/company/truecaller,https://www.linkedin.com/signup?session_redirect=https%3A%2F%2Fwww%2Elinkedin%2Ecom%2Fcompany%2Ftruecaller&trk=organization_guest_main-feed-card_like-cta
https://www.linkedin.com/company/truecaller,https://www.linkedin.com/signup?session_redirect=https%3A%2F%2Fwww%2Elinkedin%2Ecom%2Fcompany%2Ftruecaller&trk=organization_guest_main-feed-card_comment-cta
https://www.linkedin.com/company/truecaller,https://www.linkedin.com/signup?session_redirect=https%3A%2F%2Fwww%2Elinkedin%2Ecom%2Fcompany%2Ftruecaller&trk=organization_guest_main-feed-card_share-cta
https://www.linkedin.com/company/truecaller,https://www.linkedin.com/posts/truecaller_indiafightsfraud-digitalsafety-yourkavachfordigitalsafety-activity-7266789799737393152-mnxb
https://www.linkedin.com/company/truecaller,https://se.linkedin.com/company/truecaller?trk=organization_guest_main-feed-card_feed-actor-image
https://www.linkedin.com/company/truecaller,https://se.linkedin.com/company/truecaller?trk=organization_guest_main-feed-card_feed-actor-name
https://www.linkedin.com/company/truecaller,https://www.linkedin.com/signup?session_redirect=https%3A%2F%2Fwww.linkedin.com%2Ffeed%2Fhashtag%2Findiafightsfraud&trk=organization_guest_main-feed-card-text
https://www.linkedin.com/company/truecaller,https://www.linkedin.com/signup?session_redirect=https%3A%2F%2Fwww.linkedin.com%2Ffeed%2Fhashtag%2Fdigitalsafety&trk=organization_guest_main-feed-card-text
https://www.linkedin.com/company/truecaller,https://www.linkedin.com/signup?session_redirect=https%3A%2F%2Fwww.linkedin.com%2Ffeed%2Fhashtag%2Fyourkavachfordigitalsafety&trk=organization_guest_main-feed-card-text
https://www.linkedin.com/company/truecaller,https://www.linkedin.com/signup?session_redirect=https%3A%2F%2Fwww%2Elinkedin%2Ecom%2Fcompany%2Ftruecaller&trk=organization_guest_main-feed-card_social-actions-reactions
https://www.linkedin.com/company/truecaller,https://www.linkedin.com/signup?session_redirect=https%3A%2F%2Fwww%2Elinkedin%2Ecom%2Fcompany%2Ftruecaller&trk=organization_guest_main-feed-card_social-actions-comments
https://www.linkedin.com/company/truecaller,https://www.linkedin.com/signup?session_redirect=https%3A%2F%2Fwww%2Elinkedin%2Ecom%2Fcompany%2Ftruecaller&trk=organization_guest_main-feed-card_like-cta
https://www.linkedin.com/company/truecaller,https://www.linkedin.com/signup?session_redirect=https%3A%2F%2Fwww%2Elinkedin%2Ecom%2Fcompany%2Ftruecaller&trk=organization_guest_main-feed-card_comment-cta
https://www.linkedin.com/company/truecaller,https://www.linkedin.com/signup?session_redirect=https%3A%2F%2Fwww%2Elinkedin%2Ecom%2Fcompany%2Ftruecaller&trk=organization_guest_main-feed-card_share-cta
https://www.linkedin.com/company/truecaller,https://www.linkedin.com/posts/truecaller_india-fights-fraud-join-the-fight-against-activity-7265663951047196672-aV-5
https://www.linkedin.com/company/truecaller,https://se.linkedin.com/company/truecaller?trk=organization_guest_main-feed-card_feed-actor-image
https://www.linkedin.com/company/truecaller,https://se.linkedin.com/company/truecaller?trk=organization_guest_main-feed-card_feed-actor-name
https://www.linkedin.com/company/truecaller,https://tclr.se/4exnhT4?trk=organization_guest_main-feed-card-text
https://www.linkedin.com/company/truecaller,https://in.linkedin.com/company/thequint?trk=organization_guest_main-feed-card-text
https://www.linkedin.com/company/truecaller,https://www.linkedin.com/signup?session_redirect=https%3A%2F%2Fwww.linkedin.com%2Ffeed%2Fhashtag%2Findiafightsfraud&trk=organization_guest_main-feed-card-text
https://www.linkedin.com/company/truecaller,https://www.linkedin.com/signup?session_redirect=https%3A%2F%2Fwww.linkedin.com%2Ffeed%2Fhashtag%2Fyourkavachfordigitalsafety&trk=organization_guest_main-feed-card-text
https://www.linkedin.com/company/truecaller,https://www.linkedin.com/redir/redirect?url=https%3A%2F%2Fwww%2Ethequint%2Ecom%2Fquintlab%2Findia-fights-fraud%2F&urlhash=b-tf&trk=organization_guest_main-feed-card_feed-article-content
https://www.linkedin.com/company/truecaller,https://www.linkedin.com/signup?session_redirect=https%3A%2F%2Fwww%2Elinkedin%2Ecom%2Fcompany%2Ftruecaller&trk=organization_guest_main-feed-card_social-actions-reactions
https://www.linkedin.com/company/truecaller,https://www.linkedin.com/signup?session_redirect=https%3A%2F%2Fwww%2Elinkedin%2Ecom%2Fcompany%2Ftruecaller&trk=organization_guest_main-feed-card_social-actions-comments
https://www.linkedin.com/company/truecaller,https://www.linkedin.com/signup?session_redirect=https%3A%2F%2Fwww%2Elinkedin%2Ecom%2Fcompany%2Ftruecaller&trk=organization_guest_main-feed-card_like-cta
https://www.linkedin.com/company/truecaller,https://www.linkedin.com/signup?session_redirect=https%3A%2F%2Fwww%2Elinkedin%2Ecom%2Fcompany%2Ftruecaller&trk=organization_guest_main-feed-card_comment-cta
https://www.linkedin.com/company/truecaller,https://www.linkedin.com/signup?session_redirect=https%3A%2F%2Fwww%2Elinkedin%2Ecom%2Fcompany%2Ftruecaller&trk=organization_guest_main-feed-card_share-cta
https://www.linkedin.com/company/truecaller,https://www.linkedin.com/signup?session_redirect=https%3A%2F%2Fwww%2Elinkedin%2Ecom%2Fcompany%2Ftruecaller&trk=public_biz_promo-join
https://www.linkedin.com/company/truecaller,https://se.linkedin.com/showcase/truecaller-for-business/?trk=affiliated-pages
https://www.linkedin.com/company/truecaller,https://in.linkedin.com/showcase/truecaller-for-developers/?trk=affiliated-pages
https://www.linkedin.com/company/truecaller,https://se.linkedin.com/showcase/truecallerads/?trk=affiliated-pages
https://www.linkedin.com/company/truecaller,https://in.linkedin.com/company/swiggy-in?trk=similar-pages
https://www.linkedin.com/company/truecaller,https://in.linkedin.com/company/razorpay?trk=similar-pages
https://www.linkedin.com/company/truecaller,https://in.linkedin.com/company/phonepe-internet?trk=similar-pages
https://www.linkedin.com/company/truecaller,https://se.linkedin.com/company/spotify?trk=similar-pages
https://www.linkedin.com/company/truecaller,https://in.linkedin.com/company/zomato?trk=similar-pages
https://www.linkedin.com/company/truecaller,https://in.linkedin.com/company/meesho?trk=similar-pages
https://www.linkedin.com/company/truecaller,https://in.linkedin.com/company/flipkart?trk=similar-pages
https://www.linkedin.com/company/truecaller,https://www.linkedin.com/company/google?trk=similar-pages
https://www.linkedin.com/company/truecaller,https://in.linkedin.com/company/myntra?trk=similar-pages
https://www.linkedin.com/company/truecaller,https://in.linkedin.com/company/zeptonow?trk=similar-pages
https://www.linkedin.com/company/truecaller,https://www.linkedin.com/jobs/customer-service-representative-jobs?trk=organization_guest-browse_jobs
https://www.linkedin.com/company/truecaller,https://www.linkedin.com/jobs/analyst-jobs?trk=organization_guest-browse_jobs
https://www.linkedin.com/company/truecaller,https://www.linkedin.com/jobs/intern-jobs?trk=organization_guest-browse_jobs
https://www.linkedin.com/company/truecaller,https://www.linkedin.com/jobs/engineer-jobs?trk=organization_guest-browse_jobs
https://www.linkedin.com/company/truecaller,https://www.linkedin.com/jobs/associate-jobs?trk=organization_guest-browse_jobs
https://www.linkedin.com/company/truecaller,https://www.linkedin.com/jobs/junior-scientist-jobs?trk=organization_guest-browse_jobs
https://www.linkedin.com/company/truecaller,https://www.linkedin.com/jobs/manager-jobs?trk=organization_guest-browse_jobs
https://www.linkedin.com/company/truecaller,https://www.linkedin.com/jobs/recruiter-jobs?trk=organization_guest-browse_jobs
https://www.linkedin.com/company/truecaller,https://www.linkedin.com/jobs/customer-experience-manager-jobs?trk=organization_guest-browse_jobs
https://www.linkedin.com/company/truecaller,https://www.linkedin.com/jobs/software-engineer-jobs?trk=organization_guest-browse_jobs
https://www.linkedin.com/company/truecaller,https://www.linkedin.com/jobs/support-specialist-jobs?trk=organization_guest-browse_jobs
https://www.linkedin.com/company/truecaller,https://www.linkedin.com/jobs/business-associate-jobs?trk=organization_guest-browse_jobs
https://www.linkedin.com/company/truecaller,https://www.linkedin.com/jobs/team-lead-jobs?trk=organization_guest-browse_jobs
https://www.linkedin.com/company/truecaller,https://www.linkedin.com/jobs/scientist-jobs?trk=organization_guest-browse_jobs
https://www.linkedin.com/company/truecaller,https://www.linkedin.com/jobs/specialist-jobs?trk=organization_guest-browse_jobs
https://www.linkedin.com/company/truecaller,https://www.linkedin.com/jobs/process-associate-jobs?trk=organization_guest-browse_jobs
https://www.linkedin.com/company/truecaller,https://www.linkedin.com/jobs/ios-developer-jobs?trk=organization_guest-browse_jobs
https://www.linkedin.com/company/truecaller,https://www.linkedin.com/jobs/finance-intern-jobs?trk=organization_guest-browse_jobs
https://www.linkedin.com/company/truecaller,https://www.linkedin.com/jobs/search-engine-optimization-specialist-jobs?trk=organization_guest-browse_jobs
https://www.linkedin.com/company/truecaller,https://www.linkedin.com/jobs/mobile-application-developer-jobs?trk=organization_guest-browse_jobs
https://www.linkedin.com/company/truecaller,https://www.linkedin.com/jobs/engineer-jobs?trk=organization_guest_linkster_link
https://www.linkedin.com/company/truecaller,https://www.linkedin.com/jobs/intern-jobs?trk=organization_guest_linkster_link
https://www.linkedin.com/company/truecaller,https://www.linkedin.com/jobs/analyst-jobs?trk=organization_guest_linkster_link
https://www.linkedin.com/company/truecaller,https://www.linkedin.com/jobs/associate-jobs?trk=organization_guest_linkster_link
https://www.linkedin.com/company/truecaller,https://www.linkedin.com/jobs/support-specialist-jobs?trk=organization_guest_linkster_link
https://www.linkedin.com/company/truecaller,https://www.linkedin.com/jobs/customer-service-representative-jobs?trk=organization_guest_linkster_link
https://www.linkedin.com/company/truecaller,https://www.linkedin.com/jobs/customer-service-lead-jobs?trk=organization_guest_linkster_link
https://www.linkedin.com/company/truecaller,https://www.linkedin.com/jobs/customer-team-lead-jobs?trk=organization_guest_linkster_link
https://www.linkedin.com/company/truecaller,https://www.linkedin.com/jobs/product-support-engineer-jobs?trk=organization_guest_linkster_link
https://www.linkedin.com/company/truecaller,https://www.linkedin.com/jobs/knowledge-engineer-jobs?trk=organization_guest_linkster_link
https://www.linkedin.com/company/truecaller,https://www.linkedin.com/jobs/application-support-engineer-jobs?trk=organization_guest_linkster_link
https://www.linkedin.com/company/truecaller,https://www.linkedin.com/jobs/linguist-jobs?trk=organization_guest_linkster_link
https://www.linkedin.com/company/truecaller,https://www.linkedin.com/jobs/project-management-intern-jobs?trk=organization_guest_linkster_link
https://www.linkedin.com/company/truecaller,https://www.linkedin.com/jobs/junior-business-analyst-jobs?trk=organization_guest_linkster_link
https://www.linkedin.com/company/truecaller,https://www.linkedin.com/jobs/human-resources-assistant-jobs?trk=organization_guest_linkster_link
https://www.linkedin.com/company/truecaller,https://www.linkedin.com/jobs/research-analyst-jobs?trk=organization_guest_linkster_link
https://www.linkedin.com/company/truecaller,https://www.linkedin.com/jobs/human-resources-business-partner-jobs?trk=organization_guest_linkster_link
https://www.linkedin.com/company/truecaller,https://www.linkedin.com/jobs/founder-jobs?trk=organization_guest_linkster_link
https://www.linkedin.com/company/truecaller,https://www.linkedin.com/jobs/data-science-specialist-jobs?trk=organization_guest_linkster_link
https://www.linkedin.com/company/truecaller,https://www.linkedin.com/jobs/operational-specialist-jobs?trk=organization_guest_linkster_link
https://www.linkedin.com/company/truecaller,https://www.linkedin.com/jobs/team-lead-jobs?trk=organization_guest_linkster_link
https://www.linkedin.com/company/truecaller,https://www.linkedin.com/jobs/partner-jobs?trk=organization_guest_linkster_link
https://www.linkedin.com/company/truecaller,https://www.linkedin.com/jobs/senior-software-engineer-jobs?trk=organization_guest_linkster_link
https://www.linkedin.com/company/truecaller,https://www.linkedin.com/jobs/system-architect-jobs?trk=organization_guest_linkster_link
https://www.linkedin.com/company/truecaller,https://www.linkedin.com/jobs/business-analyst-jobs?trk=organization_guest_linkster_link
https://www.linkedin.com/company/truecaller,https://www.linkedin.com/jobs/assistant-manager-jobs?trk=organization_guest_linkster_link
https://www.linkedin.com/company/truecaller,https://www.linkedin.com/jobs/data-analyst-jobs?trk=organization_guest_linkster_link
https://www.linkedin.com/company/truecaller,https://www.linkedin.com/jobs/human-resources-intern-jobs?trk=organization_guest_linkster_link
https://www.linkedin.com/company/truecaller,https://www.linkedin.com/jobs/video-editor-jobs?trk=organization_guest_linkster_link
https://www.linkedin.com/company/truecaller,https://www.linkedin.com/jobs/marketing-manager-jobs?trk=organization_guest_linkster_link
https://www.linkedin.com/company/truecaller,https://www.linkedin.com/jobs/manager-jobs?trk=organization_guest_linkster_link
https://www.linkedin.com/company/truecaller,https://www.linkedin.com/jobs/specialist-jobs?trk=organization_guest_linkster_link
https://www.linkedin.com/company/truecaller,https://www.linkedin.com/jobs/developer-jobs?trk=organization_guest_linkster_link
https://www.linkedin.com/company/truecaller,https://www.linkedin.com/jobs/scientist-jobs?trk=organization_guest_linkster_link
https://www.linkedin.com/company/truecaller,https://www.linkedin.com/jobs/software-engineer-jobs?trk=organization_guest_linkster_link
https://www.linkedin.com/company/truecaller,https://www.linkedin.com/jobs/project-manager-jobs?trk=organization_guest_linkster_link
https://www.linkedin.com/company/truecaller,https://about.linkedin.com?trk=p_org_guest_company_overview_footer-about
https://www.linkedin.com/company/truecaller,https://www.linkedin.com/accessibility?trk=p_org_guest_company_overview_footer-accessibility
https://www.linkedin.com/company/truecaller,https://www.linkedin.com/legal/user-agreement?trk=p_org_guest_company_overview_footer-user-agreement
https://www.linkedin.com/company/truecaller,https://www.linkedin.com/legal/privacy-policy?trk=p_org_guest_company_overview_footer-privacy-policy
https://www.linkedin.com/company/truecaller,https://www.linkedin.com/legal/cookie-policy?trk=p_org_guest_company_overview_footer-cookie-policy
https://www.linkedin.com/company/truecaller,https://www.linkedin.com/legal/copyright-policy?trk=p_org_guest_company_overview_footer-copyright-policy
https://www.linkedin.com/company/truecaller,https://brand.linkedin.com/policies?trk=p_org_guest_company_overview_footer-brand-policy
https://www.linkedin.com/company/truecaller,https://www.linkedin.com/psettings/guest-controls?trk=p_org_guest_company_overview_footer-guest-controls
https://www.linkedin.com/company/truecaller,https://www.linkedin.com/legal/professional-community-policies?trk=p_org_guest_company_overview_footer-community-guide
https://www.linkedin.com/company/truecaller,https://www.linkedin.com/uas/request-password-reset?trk=organization_guest_contextual-sign-in-modal_sign-in-modal_forgot_password
https://www.linkedin.com/company/truecaller,https://www.linkedin.com/signup?session_redirect=https%3A%2F%2Fwww%2Elinkedin%2Ecom%2Fcompany%2Ftruecaller&trk=organization_guest_contextual-sign-in-modal_sign-in-modal_join-link
https://www.linkedin.com/company/truecaller,https://www.linkedin.com/signup?session_redirect=https%3A%2F%2Fwww%2Elinkedin%2Ecom%2Fcompany%2Ftruecaller&trk=organization_guest_contextual-sign-in-modal_join-link
